example_id,split,source_bloom_level,target_bloom_level,source_question,target_rewrite,selection_role
"bloomshift_final_validation_0005","validation","Understand","Remember","Describe how the soil colloidal complex tends to serve as a ""reservoir"" for plant nutrients.","What key factors or stages are involved in the way in which the soil colloidal complex tends to serve as a ""reservoir"" for plant nutrients?","stratified calibration example"
"bloomshift_final_validation_0009","validation","Apply","Remember","Determine the volume density and area density on the (1 0 0) plane of a body center cubic cell with lattice constant of 5 Å.","Which formulas, quantities, and steps are required to determine the volume density and area density on the (1 0 0) plane of a body center cubic cell with lattice constant of 5 Å?","stratified calibration example"
"bloomshift_final_test_0003","test","Evaluate","Remember","Assess the appropriateness of an author's conclusions based on the evidence given.","What criteria, concepts, or evidence are relevant to the appropriateness of an author's conclusions based on the evidence given?","stratified calibration example"
"bloomshift_final_validation_0010","validation","Apply","Understand","Determine the volume density and area density on the (1 0 0) plane of a body center cubic cell with lattice constant of 5 Å.","What does the volume density and area density on the (1 0 0) plane of a body center cubic cell with lattice constant of 5 Å represent, and how do the relevant quantities lead to the result?","stratified calibration example"
"bloomshift_final_validation_0012","validation","Analyze","Understand","Explain TWO (2) strengths and TWO (2) weaknesses of clustering based method in outlier detection.","How would you explain TWO (2) strengths and TWO (2) weaknesses of clustering based method in outlier detection and its main relationships?","stratified calibration example"
"bloomshift_final_test_0004","test","Evaluate","Understand","Assess the appropriateness of an author's conclusions based on the evidence given.","How would you explain the appropriateness of an author's conclusions based on the evidence given.?","stratified calibration example"
"bloomshift_final_validation_0002","validation","Understand","Apply","Describe how the soil colloidal complex tends to serve as a ""reservoir"" for plant nutrients.","Apply the principle illustrated by the way in which the soil colloidal complex tends to serve as a ""reservoir"" for plant nutrients to a comparable situation.","stratified calibration example"
"bloomshift_final_validation_0014","validation","Create","Apply","Design a building according to given specifications","How would you apply the stated requirements to the design of a building according to given specifications?","stratified calibration example"
"bloomshift_final_test_0014","test","Analyze","Apply","Contrast the treatment of ""well known"" trademarks provided by Paris Article and by TRIPS Article","Use the distinction between the treatment of ""well known"" trademarks provided by Paris Article and by TRIPS Article in a practical situation.","stratified calibration example"
"bloomshift_final_validation_0001","validation","Understand","Analyze","Describe how the soil colloidal complex tends to serve as a ""reservoir"" for plant nutrients.","Analyze the factors and relationships that determine the way in which the soil colloidal complex tends to serve as a ""reservoir"" for plant nutrients.","stratified calibration example"
"bloomshift_final_validation_0006","validation","Apply","Analyze","Determine the volume density and area density on the (1 0 0) plane of a body center cubic cell with lattice constant of 5 Å.","Examine the quantities and relationships needed to determine the volume density and area density on the (1 0 0) plane of a body center cubic cell with lattice constant of 5 Å.","stratified calibration example"
"bloomshift_final_test_0001","test","Evaluate","Analyze","Assess the appropriateness of an author's conclusions based on the evidence given.","What evidence, relationships, and relevant factors must be examined in the appropriateness of an author's conclusions based on the evidence given before reaching the judgment?","stratified calibration example"
"bloomshift_final_validation_0004","validation","Understand","Evaluate","Describe how the soil colloidal complex tends to serve as a ""reservoir"" for plant nutrients.","What evidence or criteria would you use to assess the factors that determine the way in which the soil colloidal complex tends to serve as a ""reservoir"" for plant nutrients?","stratified calibration example"
"bloomshift_final_validation_0008","validation","Apply","Evaluate","Determine the volume density and area density on the (1 0 0) plane of a body center cubic cell with lattice constant of 5 Å.","Verify the result for the volume density and area density on the (1 0 0) plane of a body center cubic cell with lattice constant of 5 Å and justify its correctness.","stratified calibration example"
"bloomshift_final_test_0007","test","Apply","Evaluate","Construct a market strategy for your product using a known strategy as a model.","Assess whether a market strategy for your product using a known strategy as a model meets its stated requirements and relevant criteria.","stratified calibration example"
"bloomshift_final_validation_0003","validation","Understand","Create","Describe how the soil colloidal complex tends to serve as a ""reservoir"" for plant nutrients.","Construct a model showing the factors that determine the way in which the soil colloidal complex tends to serve as a ""reservoir"" for plant nutrients.","stratified calibration example"
"bloomshift_final_validation_0007","validation","Apply","Create","Determine the volume density and area density on the (1 0 0) plane of a body center cubic cell with lattice constant of 5 Å.","Design a general procedure for determining the volume density and area density on the (1 0 0) plane of a body center cubic cell with lattice constant of 5 Å from the required inputs.","stratified calibration example"
"bloomshift_final_test_0002","test","Evaluate","Create","Assess the appropriateness of an author's conclusions based on the evidence given.","Design a decision framework for judging the appropriateness of an author's conclusions based on the evidence given using explicit criteria.","stratified calibration example"
"bloomshift_final_test_0089","test","Apply","Analyze","Design or sketch a marketing strategy for your product using a known strategy as a model.","Which components and constraints of a marketing strategy for your product, based on a known strategy as a model, should be examined, and how are they related?","previously corrected held-out example"
"bloomshift_final_test_0092","test","Apply","Remember","Design or sketch a marketing strategy for your product using a known strategy as a model.","What requirements, components, and constraints are specified for a marketing strategy for your product using a known strategy as a model?","previously corrected held-out example"
