"example_id","split","source_question","source_bloom_level","target_bloom_level","target_rewrite","bloom_aligned","reviewer_bloom_level","content_preserved","context_preserved","meaningful_transformation","pedagogically_valid","clear_and_grammatical","final_decision","corrected_question","reason"
"bloomshift_final_validation_0001","validation","Describe how the soil colloidal complex tends to serve as a ""reservoir"" for plant nutrients.","Understand","Analyze","Analyze the factors and relationships that determine the way in which the soil colloidal complex tends to serve as a ""reservoir"" for plant nutrients.","","","","","","","","","",""
"bloomshift_final_validation_0002","validation","Describe how the soil colloidal complex tends to serve as a ""reservoir"" for plant nutrients.","Understand","Apply","Apply the principle illustrated by the way in which the soil colloidal complex tends to serve as a ""reservoir"" for plant nutrients to a comparable situation.","","","","","","","","","",""
"bloomshift_final_validation_0003","validation","Describe how the soil colloidal complex tends to serve as a ""reservoir"" for plant nutrients.","Understand","Create","Construct a model showing the factors that determine the way in which the soil colloidal complex tends to serve as a ""reservoir"" for plant nutrients.","","","","","","","","","",""
"bloomshift_final_validation_0004","validation","Describe how the soil colloidal complex tends to serve as a ""reservoir"" for plant nutrients.","Understand","Evaluate","What evidence or criteria would you use to assess the factors that determine the way in which the soil colloidal complex tends to serve as a ""reservoir"" for plant nutrients?","","","","","","","","","",""
"bloomshift_final_validation_0005","validation","Describe how the soil colloidal complex tends to serve as a ""reservoir"" for plant nutrients.","Understand","Remember","What key factors or stages are involved in the way in which the soil colloidal complex tends to serve as a ""reservoir"" for plant nutrients?","","","","","","","","","",""
"bloomshift_final_validation_0006","validation","Determine the volume density and area density on the (1 0 0) plane of a body center cubic cell with lattice constant of 5 Å.","Apply","Analyze","Examine the quantities and relationships needed to determine the volume density and area density on the (1 0 0) plane of a body center cubic cell with lattice constant of 5 Å.","","","","","","","","","",""
"bloomshift_final_validation_0007","validation","Determine the volume density and area density on the (1 0 0) plane of a body center cubic cell with lattice constant of 5 Å.","Apply","Create","Design a general procedure for determining the volume density and area density on the (1 0 0) plane of a body center cubic cell with lattice constant of 5 Å from the required inputs.","","","","","","","","","",""
"bloomshift_final_validation_0008","validation","Determine the volume density and area density on the (1 0 0) plane of a body center cubic cell with lattice constant of 5 Å.","Apply","Evaluate","Verify the result for the volume density and area density on the (1 0 0) plane of a body center cubic cell with lattice constant of 5 Å and justify its correctness.","","","","","","","","","",""
"bloomshift_final_validation_0009","validation","Determine the volume density and area density on the (1 0 0) plane of a body center cubic cell with lattice constant of 5 Å.","Apply","Remember","Which formulas, quantities, and steps are required to determine the volume density and area density on the (1 0 0) plane of a body center cubic cell with lattice constant of 5 Å?","","","","","","","","","",""
"bloomshift_final_validation_0010","validation","Determine the volume density and area density on the (1 0 0) plane of a body center cubic cell with lattice constant of 5 Å.","Apply","Understand","What does the volume density and area density on the (1 0 0) plane of a body center cubic cell with lattice constant of 5 Å represent, and how do the relevant quantities lead to the result?","","","","","","","","","",""
"bloomshift_final_validation_0011","validation","Explain TWO (2) strengths and TWO (2) weaknesses of clustering based method in outlier detection.","Analyze","Remember","What are the key concepts or components of TWO (2) strengths and TWO (2) weaknesses of clustering based method in outlier detection?","","","","","","","","","",""
"bloomshift_final_validation_0012","validation","Explain TWO (2) strengths and TWO (2) weaknesses of clustering based method in outlier detection.","Analyze","Understand","How would you explain TWO (2) strengths and TWO (2) weaknesses of clustering based method in outlier detection and its main relationships?","","","","","","","","","",""
"bloomshift_final_validation_0013","validation","Design a building according to given specifications","Create","Analyze","Which components and constraints in a building according to given specifications should be examined, and how are they related?","","","","","","","","","",""
"bloomshift_final_validation_0014","validation","Design a building according to given specifications","Create","Apply","How would you apply the stated requirements to the design of a building according to given specifications?","","","","","","","","","",""
"bloomshift_final_validation_0015","validation","Design a building according to given specifications","Create","Evaluate","Assess whether a building according to given specifications meets its stated requirements and relevant criteria.","","","","","","","","","",""
"bloomshift_final_validation_0016","validation","Design a building according to given specifications","Create","Remember","What requirements, components, and constraints are specified for a building according to given specifications?","","","","","","","","","",""
"bloomshift_final_validation_0017","validation","Design a building according to given specifications","Create","Understand","What is the purpose of a building according to given specifications, and how do its main elements fit together?","","","","","","","","","",""
"bloomshift_final_validation_0018","validation","Compare this piece of music with the music recorded in CD quality.","Understand","Analyze","Which dimensions of this piece of music and the music recorded in CD quality should be examined, and how are they related?","","","","","","","","","",""
"bloomshift_final_validation_0019","validation","Compare this piece of music with the music recorded in CD quality.","Understand","Apply","Use the distinction between this piece of music and the music recorded in CD quality in a practical situation.","","","","","","","","","",""
"bloomshift_final_validation_0020","validation","Compare this piece of music with the music recorded in CD quality.","Understand","Create","Construct a comparison framework for this piece of music and the music recorded in CD quality using its key dimensions.","","","","","","","","","",""
"bloomshift_final_validation_0021","validation","Compare this piece of music with the music recorded in CD quality.","Understand","Evaluate","Assess the differences between this piece of music and the music recorded in CD quality using relevant criteria and evidence.","","","","","","","","","",""
"bloomshift_final_validation_0022","validation","Compare this piece of music with the music recorded in CD quality.","Understand","Remember","State the main features of this piece of music and the music recorded in CD quality.","","","","","","","","","",""
"bloomshift_final_validation_0023","validation","Differentiate between electroosmosis and electrophoretic mobility of solutes in capillary electroosmosis.","Analyze","Apply","Use the distinction between electroosmosis and electrophoretic mobility of solutes in capillary electroosmosis in a practical situation.","","","","","","","","","",""
"bloomshift_final_validation_0024","validation","Differentiate between electroosmosis and electrophoretic mobility of solutes in capillary electroosmosis.","Analyze","Create","Construct a comparison framework for electroosmosis and electrophoretic mobility of solutes in capillary electroosmosis using its key dimensions.","","","","","","","","","",""
"bloomshift_final_validation_0025","validation","Differentiate between electroosmosis and electrophoretic mobility of solutes in capillary electroosmosis.","Analyze","Evaluate","Assess the differences between electroosmosis and electrophoretic mobility of solutes in capillary electroosmosis using relevant criteria and evidence.","","","","","","","","","",""
"bloomshift_final_validation_0026","validation","Differentiate between electroosmosis and electrophoretic mobility of solutes in capillary electroosmosis.","Analyze","Remember","State the main features of electroosmosis and electrophoretic mobility of solutes in capillary electroosmosis.","","","","","","","","","",""
"bloomshift_final_validation_0027","validation","Differentiate between electroosmosis and electrophoretic mobility of solutes in capillary electroosmosis.","Analyze","Understand","How are electroosmosis and electrophoretic mobility of solutes in capillary electroosmosis similar and different?","","","","","","","","","",""
"bloomshift_final_validation_0028","validation","Justify whether the dam and sire are inbred or outbred.","Evaluate","Analyze","What evidence, relationships, and relevant factors must be examined in whether the dam and sire are inbred or outbred before reaching the judgment?","","","","","","","","","",""
"bloomshift_final_validation_0029","validation","Justify whether the dam and sire are inbred or outbred.","Evaluate","Create","Design a decision framework for judging whether the dam and sire are inbred or outbred using explicit criteria.","","","","","","","","","",""
"bloomshift_final_validation_0030","validation","Justify whether the dam and sire are inbred or outbred.","Evaluate","Remember","What criteria, concepts, or evidence are relevant to whether the dam and sire are inbred or outbred?","","","","","","","","","",""
"bloomshift_final_validation_0031","validation","Justify whether the dam and sire are inbred or outbred.","Evaluate","Understand","What is being judged in whether the dam and sire are inbred or outbred, and what information supports the judgment?","","","","","","","","","",""
"bloomshift_final_validation_0032","validation","Create several different strategies to solve a mathematical problem.","Create","Analyze","Which components and constraints in several different strategies to solve a mathematical problem should be examined, and how are they related?","","","","","","","","","",""
"bloomshift_final_validation_0033","validation","Create several different strategies to solve a mathematical problem.","Create","Apply","How would you apply the stated requirements to the design of several different strategies to solve a mathematical problem?","","","","","","","","","",""
"bloomshift_final_validation_0034","validation","Create several different strategies to solve a mathematical problem.","Create","Evaluate","Assess whether several different strategies to solve a mathematical problem meets its stated requirements and relevant criteria.","","","","","","","","","",""
"bloomshift_final_validation_0035","validation","Create several different strategies to solve a mathematical problem.","Create","Remember","What requirements, components, and constraints are specified for several different strategies to solve a mathematical problem?","","","","","","","","","",""
"bloomshift_final_validation_0036","validation","Create several different strategies to solve a mathematical problem.","Create","Understand","What is the purpose of several different strategies to solve a mathematical problem, and how do its main elements fit together?","","","","","","","","","",""
"bloomshift_final_validation_0037","validation","How do we differentiate between genuine buyer and undercover buyer","Analyze","Apply","Apply the principle illustrated by the way in which we differentiate between genuine buyer and undercover buyer to a comparable situation.","","","","","","","","","",""
"bloomshift_final_validation_0038","validation","How do we differentiate between genuine buyer and undercover buyer","Analyze","Create","Construct a model showing the factors that determine the way in which we differentiate between genuine buyer and undercover buyer.","","","","","","","","","",""
"bloomshift_final_validation_0039","validation","How do we differentiate between genuine buyer and undercover buyer","Analyze","Evaluate","What evidence or criteria would you use to assess the factors that determine the way in which we differentiate between genuine buyer and undercover buyer?","","","","","","","","","",""
"bloomshift_final_validation_0040","validation","How do we differentiate between genuine buyer and undercover buyer","Analyze","Remember","What key factors or stages are involved in the way in which we differentiate between genuine buyer and undercover buyer?","","","","","","","","","",""
"bloomshift_final_validation_0041","validation","How do we differentiate between genuine buyer and undercover buyer","Analyze","Understand","How would you explain the way in which we differentiate between genuine buyer and undercover buyer?","","","","","","","","","",""
"bloomshift_final_validation_0042","validation","Explain how RequestDispatcher mechanism in the context of Servlet and JSP technology has the ability to facilitate updating and maintaining information on job advertisements across several dynamic web pages.","Understand","Analyze","Analyze the factors and relationships that determine the way in which RequestDispatcher mechanism in the context of Servlet and JSP technology has the ability to facilitate updating and maintaining information on job advertisements across several dynamic web pages.","","","","","","","","","",""
"bloomshift_final_validation_0043","validation","Explain how RequestDispatcher mechanism in the context of Servlet and JSP technology has the ability to facilitate updating and maintaining information on job advertisements across several dynamic web pages.","Understand","Apply","Apply the principle illustrated by the way in which RequestDispatcher mechanism in the context of Servlet and JSP technology has the ability to facilitate updating and maintaining information on job advertisements across several dynamic web pages to a comparable situation.","","","","","","","","","",""
"bloomshift_final_validation_0044","validation","Explain how RequestDispatcher mechanism in the context of Servlet and JSP technology has the ability to facilitate updating and maintaining information on job advertisements across several dynamic web pages.","Understand","Create","Construct a model showing the factors that determine the way in which RequestDispatcher mechanism in the context of Servlet and JSP technology has the ability to facilitate updating and maintaining information on job advertisements across several dynamic web pages.","","","","","","","","","",""
"bloomshift_final_validation_0045","validation","Explain how RequestDispatcher mechanism in the context of Servlet and JSP technology has the ability to facilitate updating and maintaining information on job advertisements across several dynamic web pages.","Understand","Evaluate","What evidence or criteria would you use to assess the factors that determine the way in which RequestDispatcher mechanism in the context of Servlet and JSP technology has the ability to facilitate updating and maintaining information on job advertisements across several dynamic web pages?","","","","","","","","","",""
"bloomshift_final_validation_0046","validation","Explain how RequestDispatcher mechanism in the context of Servlet and JSP technology has the ability to facilitate updating and maintaining information on job advertisements across several dynamic web pages.","Understand","Remember","What key factors or stages are involved in the way in which RequestDispatcher mechanism in the context of Servlet and JSP technology has the ability to facilitate updating and maintaining information on job advertisements across several dynamic web pages?","","","","","","","","","",""
"bloomshift_final_validation_0047","validation","How do you combine the results of various individual tests to determine whether a student can progress to a next semester / phase / year?","Create","Analyze","Analyze the factors and relationships that determine the way in which you combine the results of various individual tests to determine whether a student can progress to a next semester / phase / year.","","","","","","","","","",""
"bloomshift_final_validation_0048","validation","How do you combine the results of various individual tests to determine whether a student can progress to a next semester / phase / year?","Create","Apply","Apply the principle illustrated by the way in which you combine the results of various individual tests to determine whether a student can progress to a next semester / phase / year to a comparable situation.","","","","","","","","","",""
"bloomshift_final_validation_0049","validation","How do you combine the results of various individual tests to determine whether a student can progress to a next semester / phase / year?","Create","Evaluate","What evidence or criteria would you use to assess the factors that determine the way in which you combine the results of various individual tests to determine whether a student can progress to a next semester / phase / year?","","","","","","","","","",""
"bloomshift_final_validation_0050","validation","How do you combine the results of various individual tests to determine whether a student can progress to a next semester / phase / year?","Create","Understand","How would you explain the way in which you combine the results of various individual tests to determine whether a student can progress to a next semester / phase / year?","","","","","","","","","",""
"bloomshift_final_validation_0051","validation","Compute the distance between the two points with the following formula.","Apply","Analyze","Examine the quantities and relationships needed to determine the distance between the two points with the following formula.","","","","","","","","","",""
"bloomshift_final_validation_0052","validation","Compute the distance between the two points with the following formula.","Apply","Create","Design a general procedure for determining the distance between the two points with the following formula from the required inputs.","","","","","","","","","",""
"bloomshift_final_validation_0053","validation","Compute the distance between the two points with the following formula.","Apply","Evaluate","Verify the result for the distance between the two points with the following formula and justify its correctness.","","","","","","","","","",""
"bloomshift_final_validation_0054","validation","Compute the distance between the two points with the following formula.","Apply","Remember","Which formulas, quantities, and steps are required to determine the distance between the two points with the following formula?","","","","","","","","","",""
"bloomshift_final_validation_0055","validation","Compute the distance between the two points with the following formula.","Apply","Understand","What does the distance between the two points with the following formula represent, and how do the relevant quantities lead to the result?","","","","","","","","","",""
"bloomshift_final_validation_0056","validation","Develop an ABC classification system for the 10 items.","Create","Analyze","Which components and constraints in an ABC classification system for the 10 items should be examined, and how are they related?","","","","","","","","","",""
"bloomshift_final_validation_0057","validation","Develop an ABC classification system for the 10 items.","Create","Apply","How would you apply the stated requirements to the design of an ABC classification system for the 10 items?","","","","","","","","","",""
"bloomshift_final_validation_0058","validation","Develop an ABC classification system for the 10 items.","Create","Evaluate","Assess whether an ABC classification system for the 10 items meets its stated requirements and relevant criteria.","","","","","","","","","",""
"bloomshift_final_validation_0059","validation","Develop an ABC classification system for the 10 items.","Create","Remember","What requirements, components, and constraints are specified for an ABC classification system for the 10 items?","","","","","","","","","",""
"bloomshift_final_validation_0060","validation","Develop an ABC classification system for the 10 items.","Create","Understand","What is the purpose of an ABC classification system for the 10 items, and how do its main elements fit together?","","","","","","","","","",""
"bloomshift_final_validation_0061","validation","Differentiate bonds that are traded at par, premium and discount.","Analyze","Apply","Use the distinction between Differentiate bonds that are traded at par, premium and discount in a practical situation.","","","","","","","","","",""
"bloomshift_final_validation_0062","validation","Differentiate bonds that are traded at par, premium and discount.","Analyze","Create","Construct a comparison framework for Differentiate bonds that are traded at par, premium and discount using its key dimensions.","","","","","","","","","",""
"bloomshift_final_validation_0063","validation","Differentiate bonds that are traded at par, premium and discount.","Analyze","Evaluate","Assess the differences between Differentiate bonds that are traded at par, premium and discount using relevant criteria and evidence.","","","","","","","","","",""
"bloomshift_final_validation_0064","validation","Differentiate bonds that are traded at par, premium and discount.","Analyze","Remember","State the main features of Differentiate bonds that are traded at par, premium and discount.","","","","","","","","","",""
"bloomshift_final_validation_0065","validation","Differentiate bonds that are traded at par, premium and discount.","Analyze","Understand","How are Differentiate bonds that are traded at par, premium and discount similar and different?","","","","","","","","","",""
"bloomshift_final_validation_0066","validation","Determine the doping levels in the respective regions.","Apply","Analyze","Examine the quantities and relationships needed to determine the doping levels in the respective regions.","","","","","","","","","",""
"bloomshift_final_validation_0067","validation","Determine the doping levels in the respective regions.","Apply","Create","Design a general procedure for determining the doping levels in the respective regions from the required inputs.","","","","","","","","","",""
"bloomshift_final_validation_0068","validation","Determine the doping levels in the respective regions.","Apply","Evaluate","Verify the result for the doping levels in the respective regions and justify its correctness.","","","","","","","","","",""
"bloomshift_final_validation_0069","validation","Determine the doping levels in the respective regions.","Apply","Remember","Which formulas, quantities, and steps are required to determine the doping levels in the respective regions?","","","","","","","","","",""
"bloomshift_final_validation_0070","validation","Determine the doping levels in the respective regions.","Apply","Understand","What does the doping levels in the respective regions represent, and how do the relevant quantities lead to the result?","","","","","","","","","",""
"bloomshift_final_validation_0071","validation","Create a chart that compares things that use electricity and things that do NOT use electricity.","Create","Analyze","Which components and constraints in a chart that compares things that use electricity and things that do NOT use electricity should be examined, and how are they related?","","","","","","","","","",""
"bloomshift_final_validation_0072","validation","Create a chart that compares things that use electricity and things that do NOT use electricity.","Create","Apply","How would you apply the stated requirements to the design of a chart that compares things that use electricity and things that do NOT use electricity?","","","","","","","","","",""
"bloomshift_final_validation_0073","validation","Create a chart that compares things that use electricity and things that do NOT use electricity.","Create","Evaluate","Assess whether a chart that compares things that use electricity and things that do NOT use electricity meets its stated requirements and relevant criteria.","","","","","","","","","",""
"bloomshift_final_validation_0074","validation","Create a chart that compares things that use electricity and things that do NOT use electricity.","Create","Remember","What requirements, components, and constraints are specified for a chart that compares things that use electricity and things that do NOT use electricity?","","","","","","","","","",""
"bloomshift_final_validation_0075","validation","Create a chart that compares things that use electricity and things that do NOT use electricity.","Create","Understand","What is the purpose of a chart that compares things that use electricity and things that do NOT use electricity, and how do its main elements fit together?","","","","","","","","","",""
"bloomshift_final_validation_0076","validation","Explain why mycorrhizal fungi are important for phosphorus availability in soil.","Understand","Analyze","What factors explain why mycorrhizal fungi are important for phosphorus availability in soil?","","","","","","","","","",""
"bloomshift_final_validation_0077","validation","Explain why mycorrhizal fungi are important for phosphorus availability in soil.","Understand","Apply","How would you apply the principle underlying mycorrhizal fungi are important for phosphorus availability in soil to a comparable situation?","","","","","","","","","",""
"bloomshift_final_validation_0078","validation","Explain why mycorrhizal fungi are important for phosphorus availability in soil.","Understand","Create","Construct a model showing the factors responsible for mycorrhizal fungi are important for phosphorus availability in soil.","","","","","","","","","",""
"bloomshift_final_validation_0079","validation","Explain why mycorrhizal fungi are important for phosphorus availability in soil.","Understand","Evaluate","What evidence or criteria would you use to assess the factors that make mycorrhizal fungi are important for phosphorus availability in soil the case?","","","","","","","","","",""
"bloomshift_final_validation_0080","validation","Differentiate printf function calls for displaying prompts and for echoing data.","Analyze","Apply","Use the distinction between Differentiate printf function calls for displaying prompts and for echoing data in a practical situation.","","","","","","","","","",""
"bloomshift_final_validation_0081","validation","Differentiate printf function calls for displaying prompts and for echoing data.","Analyze","Create","Construct a comparison framework for Differentiate printf function calls for displaying prompts and for echoing data using its key dimensions.","","","","","","","","","",""
"bloomshift_final_validation_0082","validation","Differentiate printf function calls for displaying prompts and for echoing data.","Analyze","Evaluate","Assess the differences between Differentiate printf function calls for displaying prompts and for echoing data using relevant criteria and evidence.","","","","","","","","","",""
"bloomshift_final_validation_0083","validation","Differentiate printf function calls for displaying prompts and for echoing data.","Analyze","Remember","State the main features of Differentiate printf function calls for displaying prompts and for echoing data.","","","","","","","","","",""
"bloomshift_final_validation_0084","validation","Differentiate printf function calls for displaying prompts and for echoing data.","Analyze","Understand","How are Differentiate printf function calls for displaying prompts and for echoing data similar and different?","","","","","","","","","",""
"bloomshift_final_validation_0085","validation","Explain why VLE could be better than RLE for this case.","Understand","Analyze","What factors explain why VLE could be better than RLE for this case?","","","","","","","","","",""
"bloomshift_final_validation_0086","validation","Explain why VLE could be better than RLE for this case.","Understand","Apply","How would you apply the principle underlying VLE could be better than RLE for this case to a comparable situation?","","","","","","","","","",""
"bloomshift_final_validation_0087","validation","Explain why VLE could be better than RLE for this case.","Understand","Create","Construct a model showing the factors responsible for VLE could be better than RLE for this case.","","","","","","","","","",""
"bloomshift_final_validation_0088","validation","Distinguish between rill and gully erosion.","Analyze","Apply","Use the distinction between rill and gully erosion in a practical situation.","","","","","","","","","",""
"bloomshift_final_validation_0089","validation","Distinguish between rill and gully erosion.","Analyze","Create","Construct a comparison framework for rill and gully erosion using its key dimensions.","","","","","","","","","",""
"bloomshift_final_validation_0090","validation","Distinguish between rill and gully erosion.","Analyze","Evaluate","Assess the differences between rill and gully erosion using relevant criteria and evidence.","","","","","","","","","",""
"bloomshift_final_validation_0091","validation","Distinguish between rill and gully erosion.","Analyze","Remember","State the main features of rill and gully erosion.","","","","","","","","","",""
"bloomshift_final_validation_0092","validation","Distinguish between rill and gully erosion.","Analyze","Understand","How are rill and gully erosion similar and different?","","","","","","","","","",""
"bloomshift_final_validation_0093","validation","Construct one Turing Machine for computing each of the following functions","Apply","Analyze","Which components and constraints in one Turing Machine for computing each of the following functions should be examined, and how are they related?","","","","","","","","","",""
"bloomshift_final_validation_0094","validation","Construct one Turing Machine for computing each of the following functions","Apply","Create","How would you improve or redesign one Turing Machine for computing each of the following functions while preserving the stated requirements?","","","","","","","","","",""
"bloomshift_final_validation_0095","validation","Construct one Turing Machine for computing each of the following functions","Apply","Evaluate","Assess whether one Turing Machine for computing each of the following functions meets its stated requirements and relevant criteria.","","","","","","","","","",""
"bloomshift_final_validation_0096","validation","Construct one Turing Machine for computing each of the following functions","Apply","Understand","What is the purpose of one Turing Machine for computing each of the following functions, and how do its main elements fit together?","","","","","","","","","",""
"bloomshift_final_validation_0097","validation","Differentiate between data and information using examples.","Analyze","Apply","Use the distinction between data and information using examples in a practical situation.","","","","","","","","","",""
"bloomshift_final_validation_0098","validation","Differentiate between data and information using examples.","Analyze","Understand","How are data and information using examples similar and different?","","","","","","","","","",""
"bloomshift_final_validation_0099","validation","Calculate the balance of trade when the economy is at equilibrium and interpret your answer.","Apply","Analyze","Examine the quantities and relationships needed to determine the balance of trade when the economy is at equilibrium and interpret your answer.","","","","","","","","","",""
"bloomshift_final_validation_0100","validation","Calculate the balance of trade when the economy is at equilibrium and interpret your answer.","Apply","Create","Design a general procedure for determining the balance of trade when the economy is at equilibrium and interpret your answer from the required inputs.","","","","","","","","","",""
"bloomshift_final_validation_0101","validation","Calculate the balance of trade when the economy is at equilibrium and interpret your answer.","Apply","Evaluate","Verify the result for the balance of trade when the economy is at equilibrium and interpret your answer and justify its correctness.","","","","","","","","","",""
"bloomshift_final_validation_0102","validation","Calculate the balance of trade when the economy is at equilibrium and interpret your answer.","Apply","Remember","Which formulas, quantities, and steps are required to determine the balance of trade when the economy is at equilibrium and interpret your answer?","","","","","","","","","",""
"bloomshift_final_validation_0103","validation","Calculate the balance of trade when the economy is at equilibrium and interpret your answer.","Apply","Understand","What does the balance of trade when the economy is at equilibrium and interpret your answer represent, and how do the relevant quantities lead to the result?","","","","","","","","","",""
"bloomshift_final_validation_0104","validation","Construct a confusion matrix for the data and estimate the Apparent Error Rate.","Understand","Analyze","Which components and constraints in a confusion matrix for the data and estimate the Apparent Error Rate should be examined, and how are they related?","","","","","","","","","",""
"bloomshift_final_validation_0105","validation","Construct a confusion matrix for the data and estimate the Apparent Error Rate.","Understand","Apply","How would you apply the stated requirements to the design of a confusion matrix for the data and estimate the Apparent Error Rate?","","","","","","","","","",""
"bloomshift_final_validation_0106","validation","Construct a confusion matrix for the data and estimate the Apparent Error Rate.","Understand","Create","How would you improve or redesign a confusion matrix for the data and estimate the Apparent Error Rate while preserving the stated requirements?","","","","","","","","","",""
"bloomshift_final_validation_0107","validation","Explain how you would implement delete schedule functionality in effective manner.","Understand","Apply","Apply the principle illustrated by the way in which you would implement delete schedule functionality in effective manner to a comparable situation.","","","","","","","","","",""
"bloomshift_final_validation_0108","validation","Differentiate between soil fertility and soil productivity.","Analyze","Apply","Use the distinction between soil fertility and soil productivity in a practical situation.","","","","","","","","","",""
"bloomshift_final_validation_0109","validation","Contrast the following basic BLAST programs: PSI-BLAST, PHI-BLAST and tBLASTX.","Understand","Analyze","Which dimensions of the following basic BLAST programs: PSI-BLAST, PHI-BLAST and tBLASTX should be examined, and how are they related?","","","","","","","","","",""
"bloomshift_final_validation_0110","validation","Evaluate a work of art, giving the reasons for your evaluation.","Evaluate","Analyze","What evidence, relationships, and relevant factors must be examined in a work of art, giving the reasons for your evaluation before reaching the judgment?","","","","","","","","","",""
"bloomshift_final_validation_0111","validation","Evaluate a work of art, giving the reasons for your evaluation.","Evaluate","Create","Design a decision framework for judging a work of art, giving the reasons for your evaluation using explicit criteria.","","","","","","","","","",""
"bloomshift_final_validation_0112","validation","Evaluate a work of art, giving the reasons for your evaluation.","Evaluate","Remember","What criteria, concepts, or evidence are relevant to a work of art, giving the reasons for your evaluation?","","","","","","","","","",""
"bloomshift_final_validation_0113","validation","Evaluate a work of art, giving the reasons for your evaluation.","Evaluate","Understand","What is being judged in a work of art, giving the reasons for your evaluation, and what information supports the judgment?","","","","","","","","","",""
"bloomshift_final_validation_0114","validation","Construct a simple payroll program that computes net pay for those working 40 hours or less and net pay for those working over 40 hours.","Apply","Create","How would you improve or redesign a simple payroll program that computes net pay for those working 40 hours or less and net pay for those working over 40 hours while preserving the stated requirements?","","","","","","","","","",""
"bloomshift_final_test_0001","test","Assess the appropriateness of an author's conclusions based on the evidence given.","Evaluate","Analyze","What evidence, relationships, and relevant factors must be examined in the appropriateness of an author's conclusions based on the evidence given before reaching the judgment?","","","","","","","","","",""
"bloomshift_final_test_0002","test","Assess the appropriateness of an author's conclusions based on the evidence given.","Evaluate","Create","Design a decision framework for judging the appropriateness of an author's conclusions based on the evidence given using explicit criteria.","","","","","","","","","",""
"bloomshift_final_test_0003","test","Assess the appropriateness of an author's conclusions based on the evidence given.","Evaluate","Remember","What criteria, concepts, or evidence are relevant to the appropriateness of an author's conclusions based on the evidence given?","","","","","","","","","",""
"bloomshift_final_test_0004","test","Assess the appropriateness of an author's conclusions based on the evidence given.","Evaluate","Understand","What is being judged in the appropriateness of an author's conclusions based on the evidence given, and what information supports the judgment?","","","","","","","","","",""
"bloomshift_final_test_0005","test","Construct a market strategy for your product using a known strategy as a model.","Apply","Analyze","Which components and constraints in a market strategy for your product using a known strategy as a model should be examined, and how are they related?","","","","","","","","","",""
"bloomshift_final_test_0006","test","Construct a market strategy for your product using a known strategy as a model.","Apply","Create","How would you improve or redesign a market strategy for your product using a known strategy as a model while preserving the stated requirements?","","","","","","","","","",""
"bloomshift_final_test_0007","test","Construct a market strategy for your product using a known strategy as a model.","Apply","Evaluate","Assess whether a market strategy for your product using a known strategy as a model meets its stated requirements and relevant criteria.","","","","","","","","","",""
"bloomshift_final_test_0008","test","Construct a market strategy for your product using a known strategy as a model.","Apply","Remember","What requirements, components, and constraints are specified for a market strategy for your product using a known strategy as a model?","","","","","","","","","",""
"bloomshift_final_test_0009","test","Construct a market strategy for your product using a known strategy as a model.","Apply","Understand","What is the purpose of a market strategy for your product using a known strategy as a model, and how do its main elements fit together?","","","","","","","","","",""
"bloomshift_final_test_0010","test","Evaluate the three specific effects caused by the applications of information technology on the nature of competition.","Evaluate","Analyze","What evidence, relationships, and relevant factors must be examined in the three specific effects caused by the applications of information technology on the nature of competition before reaching the judgment?","","","","","","","","","",""
"bloomshift_final_test_0011","test","Evaluate the three specific effects caused by the applications of information technology on the nature of competition.","Evaluate","Create","Design a decision framework for judging the three specific effects caused by the applications of information technology on the nature of competition using explicit criteria.","","","","","","","","","",""
"bloomshift_final_test_0012","test","Evaluate the three specific effects caused by the applications of information technology on the nature of competition.","Evaluate","Remember","What criteria, concepts, or evidence are relevant to the three specific effects caused by the applications of information technology on the nature of competition?","","","","","","","","","",""
"bloomshift_final_test_0013","test","Evaluate the three specific effects caused by the applications of information technology on the nature of competition.","Evaluate","Understand","What is being judged in the three specific effects caused by the applications of information technology on the nature of competition, and what information supports the judgment?","","","","","","","","","",""
"bloomshift_final_test_0014","test","Contrast the treatment of ""well known"" trademarks provided by Paris Article and by TRIPS Article","Analyze","Apply","Use the distinction between the treatment of ""well known"" trademarks provided by Paris Article and by TRIPS Article in a practical situation.","","","","","","","","","",""
"bloomshift_final_test_0015","test","Contrast the treatment of ""well known"" trademarks provided by Paris Article and by TRIPS Article","Analyze","Create","Construct a comparison framework for the treatment of ""well known"" trademarks provided by Paris Article and by TRIPS Article using its key dimensions.","","","","","","","","","",""
"bloomshift_final_test_0016","test","Contrast the treatment of ""well known"" trademarks provided by Paris Article and by TRIPS Article","Analyze","Evaluate","Assess the differences between the treatment of ""well known"" trademarks provided by Paris Article and by TRIPS Article using relevant criteria and evidence.","","","","","","","","","",""
"bloomshift_final_test_0017","test","Contrast the treatment of ""well known"" trademarks provided by Paris Article and by TRIPS Article","Analyze","Remember","State the main features of the treatment of ""well known"" trademarks provided by Paris Article and by TRIPS Article.","","","","","","","","","",""
"bloomshift_final_test_0018","test","Contrast the treatment of ""well known"" trademarks provided by Paris Article and by TRIPS Article","Analyze","Understand","How are the treatment of ""well known"" trademarks provided by Paris Article and by TRIPS Article similar and different?","","","","","","","","","",""
"bloomshift_final_test_0019","test","Differentiate between Putlog and Independent Scaffold.","Analyze","Apply","Use the distinction between Putlog and Independent Scaffold in a practical situation.","","","","","","","","","",""
"bloomshift_final_test_0020","test","Differentiate between Putlog and Independent Scaffold.","Analyze","Create","Construct a comparison framework for Putlog and Independent Scaffold using its key dimensions.","","","","","","","","","",""
"bloomshift_final_test_0021","test","Differentiate between Putlog and Independent Scaffold.","Analyze","Evaluate","Assess the differences between Putlog and Independent Scaffold using relevant criteria and evidence.","","","","","","","","","",""
"bloomshift_final_test_0022","test","Differentiate between Putlog and Independent Scaffold.","Analyze","Remember","State the main features of Putlog and Independent Scaffold.","","","","","","","","","",""
"bloomshift_final_test_0023","test","Differentiate between Putlog and Independent Scaffold.","Analyze","Understand","How are Putlog and Independent Scaffold similar and different?","","","","","","","","","",""
"bloomshift_final_test_0024","test","Explain how auction is related to dynamic pricing.","Understand","Analyze","Analyze the factors and relationships that determine the way in which auction is related to dynamic pricing.","","","","","","","","","",""
"bloomshift_final_test_0025","test","Explain how auction is related to dynamic pricing.","Understand","Apply","Apply the principle illustrated by the way in which auction is related to dynamic pricing to a comparable situation.","","","","","","","","","",""
"bloomshift_final_test_0026","test","Explain how auction is related to dynamic pricing.","Understand","Create","Construct a model showing the factors that determine the way in which auction is related to dynamic pricing.","","","","","","","","","",""
"bloomshift_final_test_0027","test","Explain how auction is related to dynamic pricing.","Understand","Evaluate","What evidence or criteria would you use to assess the factors that determine the way in which auction is related to dynamic pricing?","","","","","","","","","",""
"bloomshift_final_test_0028","test","Explain how auction is related to dynamic pricing.","Understand","Remember","What key factors or stages are involved in the way in which auction is related to dynamic pricing?","","","","","","","","","",""
"bloomshift_final_test_0029","test","Calculate the surface tension of a wetting liquid, C (1.23 gml-l ) which rises 1.50 m in a vertical capillary tube with the internal radius of 0.15 mm.","Apply","Analyze","Examine the quantities and relationships needed to determine the surface tension of a wetting liquid, C (1.23 gml-l ) which rises 1.50 m in a vertical capillary tube with the internal radius of 0.15 mm.","","","","","","","","","",""
"bloomshift_final_test_0030","test","Calculate the surface tension of a wetting liquid, C (1.23 gml-l ) which rises 1.50 m in a vertical capillary tube with the internal radius of 0.15 mm.","Apply","Create","Design a general procedure for determining the surface tension of a wetting liquid, C (1.23 gml-l ) which rises 1.50 m in a vertical capillary tube with the internal radius of 0.15 mm from the required inputs.","","","","","","","","","",""
"bloomshift_final_test_0031","test","Calculate the surface tension of a wetting liquid, C (1.23 gml-l ) which rises 1.50 m in a vertical capillary tube with the internal radius of 0.15 mm.","Apply","Evaluate","Verify the result for the surface tension of a wetting liquid, C (1.23 gml-l ) which rises 1.50 m in a vertical capillary tube with the internal radius of 0.15 mm and justify its correctness.","","","","","","","","","",""
"bloomshift_final_test_0032","test","Calculate the surface tension of a wetting liquid, C (1.23 gml-l ) which rises 1.50 m in a vertical capillary tube with the internal radius of 0.15 mm.","Apply","Remember","Which formulas, quantities, and steps are required to determine the surface tension of a wetting liquid, C (1.23 gml-l ) which rises 1.50 m in a vertical capillary tube with the internal radius of 0.15 mm?","","","","","","","","","",""
"bloomshift_final_test_0033","test","Calculate the surface tension of a wetting liquid, C (1.23 gml-l ) which rises 1.50 m in a vertical capillary tube with the internal radius of 0.15 mm.","Apply","Understand","What does the surface tension of a wetting liquid, C (1.23 gml-l ) which rises 1.50 m in a vertical capillary tube with the internal radius of 0.15 mm represent, and how do the relevant quantities lead to the result?","","","","","","","","","",""
"bloomshift_final_test_0034","test","Explain how the biological concept of symbiotic relationships could be used to help solve socially created problems like water pollution, overflowing garbage landfills, or homelessness.","Create","Analyze","Analyze the factors and relationships that determine the way in which the biological concept of symbiotic relationships could be used to help solve socially created problems like water pollution, overflowing garbage landfills, or homelessness.","","","","","","","","","",""
"bloomshift_final_test_0035","test","Explain how the biological concept of symbiotic relationships could be used to help solve socially created problems like water pollution, overflowing garbage landfills, or homelessness.","Create","Apply","Apply the principle illustrated by the way in which the biological concept of symbiotic relationships could be used to help solve socially created problems like water pollution, overflowing garbage landfills, or homelessness to a comparable situation.","","","","","","","","","",""
"bloomshift_final_test_0036","test","Explain how the biological concept of symbiotic relationships could be used to help solve socially created problems like water pollution, overflowing garbage landfills, or homelessness.","Create","Evaluate","What evidence or criteria would you use to assess the factors that determine the way in which the biological concept of symbiotic relationships could be used to help solve socially created problems like water pollution, overflowing garbage landfills, or homelessness?","","","","","","","","","",""
"bloomshift_final_test_0037","test","Explain how the biological concept of symbiotic relationships could be used to help solve socially created problems like water pollution, overflowing garbage landfills, or homelessness.","Create","Remember","What key factors or stages are involved in the way in which the biological concept of symbiotic relationships could be used to help solve socially created problems like water pollution, overflowing garbage landfills, or homelessness?","","","","","","","","","",""
"bloomshift_final_test_0038","test","Explain how the biological concept of symbiotic relationships could be used to help solve socially created problems like water pollution, overflowing garbage landfills, or homelessness.","Create","Understand","How would you explain the way in which the biological concept of symbiotic relationships could be used to help solve socially created problems like water pollution, overflowing garbage landfills, or homelessness?","","","","","","","","","",""
"bloomshift_final_test_0039","test","Construct an analog circuit with the following specifications","Apply","Analyze","Which components and constraints in an analog circuit with the following specifications should be examined, and how are they related?","","","","","","","","","",""
"bloomshift_final_test_0040","test","Construct an analog circuit with the following specifications","Apply","Create","How would you improve or redesign an analog circuit with the following specifications while preserving the stated requirements?","","","","","","","","","",""
"bloomshift_final_test_0041","test","Construct an analog circuit with the following specifications","Apply","Evaluate","Assess whether an analog circuit with the following specifications meets its stated requirements and relevant criteria.","","","","","","","","","",""
"bloomshift_final_test_0042","test","Construct an analog circuit with the following specifications","Apply","Remember","What requirements, components, and constraints are specified for an analog circuit with the following specifications?","","","","","","","","","",""
"bloomshift_final_test_0043","test","Construct an analog circuit with the following specifications","Apply","Understand","What is the purpose of an analog circuit with the following specifications, and how do its main elements fit together?","","","","","","","","","",""
"bloomshift_final_test_0044","test","Explain why 3D animation requires much time consuming and complicated in the development phase compared to 2D animation.","Analyze","Apply","How would you apply the principle underlying 3D animation requires much time consuming and complicated in the development phase compared to 2D animation to a comparable situation?","","","","","","","","","",""
"bloomshift_final_test_0045","test","Explain why 3D animation requires much time consuming and complicated in the development phase compared to 2D animation.","Analyze","Create","Construct a model showing the factors responsible for 3D animation requires much time consuming and complicated in the development phase compared to 2D animation.","","","","","","","","","",""
"bloomshift_final_test_0046","test","Explain why 3D animation requires much time consuming and complicated in the development phase compared to 2D animation.","Analyze","Evaluate","What evidence or criteria would you use to assess why 3D animation is more time-consuming and complicated to develop than 2D animation?","","","","","","","","","",""
"bloomshift_final_test_0047","test","Explain why 3D animation requires much time consuming and complicated in the development phase compared to 2D animation.","Analyze","Remember","What key factors or concepts are associated with 3D animation requires much time consuming and complicated in the development phase compared to 2D animation?","","","","","","","","","",""
"bloomshift_final_test_0048","test","Explain why 3D animation requires much time consuming and complicated in the development phase compared to 2D animation.","Analyze","Understand","Why does 3D animation take more time and involve greater development complexity than 2D animation?","","","","","","","","","",""
"bloomshift_final_test_0049","test","Explain how Timothy saved Phillip's life.","Understand","Analyze","Analyze the factors and relationships that determine the way in which Timothy saved Phillip's life.","","","","","","","","","",""
"bloomshift_final_test_0050","test","Explain how Timothy saved Phillip's life.","Understand","Apply","Apply the principle illustrated by the way in which Timothy saved Phillip's life to a comparable situation.","","","","","","","","","",""
"bloomshift_final_test_0051","test","Explain how Timothy saved Phillip's life.","Understand","Create","Construct a model showing the factors that determine the way in which Timothy saved Phillip's life.","","","","","","","","","",""
"bloomshift_final_test_0052","test","Explain how Timothy saved Phillip's life.","Understand","Evaluate","What evidence or criteria would you use to assess the factors that determine the way in which Timothy saved Phillip's life?","","","","","","","","","",""
"bloomshift_final_test_0053","test","Explain how Timothy saved Phillip's life.","Understand","Remember","What key factors or stages are involved in the way in which Timothy saved Phillip's life?","","","","","","","","","",""
"bloomshift_final_test_0054","test","Defend the following claim: The Cornell method works so well that it could turn even a poor lecture into a valuable learning experience.","Evaluate","Analyze","What evidence, relationships, and relevant factors must be examined in the following claim: The Cornell method works so well that it could turn even a poor lecture into a valuable learning experience before reaching the judgment?","","","","","","","","","",""
"bloomshift_final_test_0055","test","Defend the following claim: The Cornell method works so well that it could turn even a poor lecture into a valuable learning experience.","Evaluate","Create","Design a decision framework for judging the following claim: The Cornell method works so well that it could turn even a poor lecture into a valuable learning experience using explicit criteria.","","","","","","","","","",""
"bloomshift_final_test_0056","test","Defend the following claim: The Cornell method works so well that it could turn even a poor lecture into a valuable learning experience.","Evaluate","Remember","What criteria, concepts, or evidence are relevant to the following claim: The Cornell method works so well that it could turn even a poor lecture into a valuable learning experience?","","","","","","","","","",""
"bloomshift_final_test_0057","test","Defend the following claim: The Cornell method works so well that it could turn even a poor lecture into a valuable learning experience.","Evaluate","Understand","What is being judged in the following claim: The Cornell method works so well that it could turn even a poor lecture into a valuable learning experience, and what information supports the judgment?","","","","","","","","","",""
"bloomshift_final_test_0058","test","Explain why Servlet technology is better than the Common Gateway Interface CGI.","Understand","Analyze","What factors explain why Servlet technology is better than the Common Gateway Interface CGI?","","","","","","","","","",""
"bloomshift_final_test_0059","test","Explain why Servlet technology is better than the Common Gateway Interface CGI.","Understand","Apply","How would you apply the principle underlying Servlet technology is better than the Common Gateway Interface CGI to a comparable situation?","","","","","","","","","",""
"bloomshift_final_test_0060","test","Explain why Servlet technology is better than the Common Gateway Interface CGI.","Understand","Create","Construct a model showing the factors responsible for Servlet technology is better than the Common Gateway Interface CGI.","","","","","","","","","",""
"bloomshift_final_test_0061","test","Explain why Servlet technology is better than the Common Gateway Interface CGI.","Understand","Evaluate","What evidence or criteria would you use to assess the factors that make Servlet technology is better than the Common Gateway Interface CGI the case?","","","","","","","","","",""
"bloomshift_final_test_0062","test","Describe the function of International Monetary Fund (IMF).","Remember","Analyze","Which parts of the function of International Monetary Fund (IMF) should be examined separately, and how are they related?","","","","","","","","","",""
"bloomshift_final_test_0063","test","Describe the function of International Monetary Fund (IMF).","Remember","Understand","How would you explain the function of International Monetary Fund (IMF) and its main relationships?","","","","","","","","","",""
"bloomshift_final_test_0064","test","Explain why the electrical conductivity of a semiconductor is higher than an insulator by using the energy band diagram.","Understand","Analyze","What factors explain why the electrical conductivity of a semiconductor is higher than an insulator by using the energy band diagram?","","","","","","","","","",""
"bloomshift_final_test_0065","test","Explain why the electrical conductivity of a semiconductor is higher than an insulator by using the energy band diagram.","Understand","Apply","How would you apply the principle underlying the electrical conductivity of a semiconductor is higher than an insulator by using the energy band diagram to a comparable situation?","","","","","","","","","",""
"bloomshift_final_test_0066","test","Explain why the electrical conductivity of a semiconductor is higher than an insulator by using the energy band diagram.","Understand","Evaluate","What evidence or criteria would you use to assess the factors that make the electrical conductivity of a semiconductor is higher than an insulator by using the energy band diagram the case?","","","","","","","","","",""
"bloomshift_final_test_0067","test","Explain why bogs are considered to be a ""carbon sink"".","Understand","Apply","How would you apply the principle underlying bogs are considered to be a ""carbon sink"" to a comparable situation?","","","","","","","","","",""
"bloomshift_final_test_0068","test","how do we devise a way to enforce the laws","Create","Apply","Apply the principle illustrated by the way in which we devise a way to enforce the laws to a comparable situation.","","","","","","","","","",""
"bloomshift_final_test_0069","test","how do we devise a way to enforce the laws","Create","Understand","How would you explain the way in which we devise a way to enforce the laws?","","","","","","","","","",""
"bloomshift_final_test_0070","test","Contrast the Valles Marineris on Mars with the Grand Canyon","Analyze","Apply","Use the distinction between the Valles Marineris on Mars and the Grand Canyon in a practical situation.","","","","","","","","","",""
"bloomshift_final_test_0071","test","Contrast the Valles Marineris on Mars with the Grand Canyon","Analyze","Create","Construct a comparison framework for the Valles Marineris on Mars and the Grand Canyon using its key dimensions.","","","","","","","","","",""
"bloomshift_final_test_0072","test","Contrast the Valles Marineris on Mars with the Grand Canyon","Analyze","Evaluate","Assess the differences between the Valles Marineris on Mars and the Grand Canyon using relevant criteria and evidence.","","","","","","","","","",""
"bloomshift_final_test_0073","test","Contrast the Valles Marineris on Mars with the Grand Canyon","Analyze","Remember","State the main features of the Valles Marineris on Mars and the Grand Canyon.","","","","","","","","","",""
"bloomshift_final_test_0074","test","Contrast the Valles Marineris on Mars with the Grand Canyon","Analyze","Understand","How are the Valles Marineris on Mars and the Grand Canyon similar and different?","","","","","","","","","",""
"bloomshift_final_test_0075","test","Write a Java program that lets the user enter a year and checks whether it is a leap year.","Create","Analyze","Analyze the interactions among control-flow and data-flow elements involved in Write a Java program that lets the user enter a year and checks whether it is a leap year.","","","","","","","","","",""
"bloomshift_final_test_0076","test","Write a Java program that lets the user enter a year and checks whether it is a leap year.","Create","Apply","Implement Write a Java program that lets the user enter a year and checks whether it is a leap year using the stated requirements.","","","","","","","","","",""
"bloomshift_final_test_0077","test","Write a Java program that lets the user enter a year and checks whether it is a leap year.","Create","Evaluate","How would you test an implementation of Write a Java program that lets the user enter a year and checks whether it is a leap year for correctness and efficiency?","","","","","","","","","",""
"bloomshift_final_test_0078","test","Write a Java program that lets the user enter a year and checks whether it is a leap year.","Create","Remember","Identify the programming constructs, inputs, and constraints required for Write a Java program that lets the user enter a year and checks whether it is a leap year.","","","","","","","","","",""
"bloomshift_final_test_0079","test","Write a Java program that lets the user enter a year and checks whether it is a leap year.","Create","Understand","How does Write a Java program that lets the user enter a year and checks whether it is a leap year work, and why are its main constructs or steps needed?","","","","","","","","","",""
"bloomshift_final_test_0080","test","Justify and nominate ways to prevent animal extinction.","Evaluate","Analyze","Which factors and relationships should be examined to understand the causes of animal extinction before considering ways to prevent it?","","","","","","","","","",""
"bloomshift_final_test_0081","test","Justify and nominate ways to prevent animal extinction.","Evaluate","Create","Design a practical plan for preventing animal extinction by combining and prioritizing effective conservation measures.","","","","","","","","","",""
"bloomshift_final_test_0082","test","Justify and nominate ways to prevent animal extinction.","Evaluate","Remember","What key concepts, factors, or conservation measures are relevant to preventing animal extinction?","","","","","","","","","",""
"bloomshift_final_test_0083","test","Justify and nominate ways to prevent animal extinction.","Evaluate","Understand","What is the purpose of preventing animal extinction, and what information supports the need for conservation?","","","","","","","","","",""
"bloomshift_final_test_0084","test","Distinguish between abstract date types (ADTs) and implementations of ADTs","Analyze","Apply","Use the distinction between abstract date types (ADTs) and implementations of ADTs in a practical situation.","","","","","","","","","",""
"bloomshift_final_test_0085","test","Distinguish between abstract date types (ADTs) and implementations of ADTs","Analyze","Create","Construct a comparison framework for abstract date types (ADTs) and implementations of ADTs using its key dimensions.","","","","","","","","","",""
"bloomshift_final_test_0086","test","Distinguish between abstract date types (ADTs) and implementations of ADTs","Analyze","Evaluate","Assess the differences between abstract date types (ADTs) and implementations of ADTs using relevant criteria and evidence.","","","","","","","","","",""
"bloomshift_final_test_0087","test","Distinguish between abstract date types (ADTs) and implementations of ADTs","Analyze","Remember","State the main features of abstract date types (ADTs) and implementations of ADTs.","","","","","","","","","",""
"bloomshift_final_test_0088","test","Distinguish between abstract date types (ADTs) and implementations of ADTs","Analyze","Understand","How are abstract date types (ADTs) and implementations of ADTs similar and different?","","","","","","","","","",""
"bloomshift_final_test_0089","test","Design or sketch a marketing strategy for your product using a known strategy as a model.","Apply","Analyze","Which components and constraints of a marketing strategy for your product, based on a known strategy as a model, should be examined, and how are they related?","","","","","","","","","",""
"bloomshift_final_test_0090","test","Design or sketch a marketing strategy for your product using a known strategy as a model.","Apply","Create","How would you improve or redesign a marketing strategy for a product using a known strategy as a model while preserving the stated requirements?","","","","","","","","","",""
"bloomshift_final_test_0091","test","Design or sketch a marketing strategy for your product using a known strategy as a model.","Apply","Evaluate","Assess whether a marketing strategy for a product based on a known strategy meets its stated requirements and relevant criteria.","","","","","","","","","",""
"bloomshift_final_test_0092","test","Design or sketch a marketing strategy for your product using a known strategy as a model.","Apply","Remember","What requirements, components, and constraints are specified for a marketing strategy for your product using a known strategy as a model?","","","","","","","","","",""
"bloomshift_final_test_0093","test","Design or sketch a marketing strategy for your product using a known strategy as a model.","Apply","Understand","What is the purpose of designing a marketing strategy for a product using a known strategy as a model, and how do its main elements fit together?","","","","","","","","","",""
"bloomshift_final_test_0094","test","Contrast building in the coastal zone with building in a river floodplain.","Analyze","Apply","Use the distinction between building in the coastal zone and building in a river floodplain in a practical situation.","","","","","","","","","",""
"bloomshift_final_test_0095","test","Contrast building in the coastal zone with building in a river floodplain.","Analyze","Create","Construct a comparison framework for building in the coastal zone and building in a river floodplain using its key dimensions.","","","","","","","","","",""
"bloomshift_final_test_0096","test","Contrast building in the coastal zone with building in a river floodplain.","Analyze","Evaluate","Assess the differences between building in the coastal zone and building in a river floodplain using relevant criteria and evidence.","","","","","","","","","",""
"bloomshift_final_test_0097","test","Contrast building in the coastal zone with building in a river floodplain.","Analyze","Remember","State the main features of building in the coastal zone and building in a river floodplain.","","","","","","","","","",""
"bloomshift_final_test_0098","test","Contrast building in the coastal zone with building in a river floodplain.","Analyze","Understand","How are building in the coastal zone and building in a river floodplain similar and different?","","","","","","","","","",""
"bloomshift_final_test_0099","test","Distinguish between micro and macro economics.","Analyze","Apply","Use the distinction between micro and macro economics in a practical situation.","","","","","","","","","",""
"bloomshift_final_test_0100","test","Distinguish between micro and macro economics.","Analyze","Evaluate","Assess the differences between micro and macro economics using relevant criteria and evidence.","","","","","","","","","",""
"bloomshift_final_test_0101","test","Compare this book to the last book you read.","Analyze","Apply","Use the distinction between this book to the last book you read in a practical situation.","","","","","","","","","",""
"bloomshift_final_test_0102","test","Justify why company XYZ needs to use expert systems","Evaluate","Analyze","What evidence, relationships, and relevant factors must be examined in why company XYZ needs to use expert systems before reaching the judgment?","","","","","","","","","",""
"bloomshift_final_test_0103","test","Justify why company XYZ needs to use expert systems","Evaluate","Create","Design a decision framework for judging why company XYZ needs to use expert systems using explicit criteria.","","","","","","","","","",""
"bloomshift_final_test_0104","test","Distinguish between the following giving suitable examples","Analyze","Apply","Use the distinction between the following giving suitable examples in a practical situation.","","","","","","","","","",""
"bloomshift_final_test_0105","test","Develop a set of criteria for distinguishing between a good and bad example of this.","Analyze","Apply","How would you apply the stated requirements to the design of a set of criteria for distinguishing between a good and bad example of this?","","","","","","","","","",""
"bloomshift_final_test_0106","test","Develop a set of criteria for distinguishing between a good and bad example of this.","Analyze","Create","How would you improve or redesign a set of criteria for distinguishing between a good and bad example of this while preserving the stated requirements?","","","","","","","","","",""
"bloomshift_final_test_0107","test","Develop a set of criteria for distinguishing between a good and bad example of this.","Analyze","Evaluate","Assess whether a set of criteria for distinguishing between a good and bad example of this meets its stated requirements and relevant criteria.","","","","","","","","","",""
"bloomshift_final_test_0108","test","Develop a set of criteria for distinguishing between a good and bad example of this.","Analyze","Remember","What requirements, components, and constraints are specified for a set of criteria for distinguishing between a good and bad example of this?","","","","","","","","","",""
"bloomshift_final_test_0109","test","Develop a set of criteria for distinguishing between a good and bad example of this.","Analyze","Understand","What is the purpose of a set of criteria for distinguishing between a good and bad example of this, and how do its main elements fit together?","","","","","","","","","",""
"bloomshift_final_test_0110","test","Evaluate whether their model is a true representation of the local environment.","Evaluate","Analyze","What evidence, relationships, and relevant factors must be examined in whether their model is a true representation of the local environment before reaching the judgment?","","","","","","","","","",""
"bloomshift_final_test_0111","test","Construct a DNA based cladogram using neighbour-joining approach, and suggest the relationship of S, M, and D species.","Create","Analyze","Which components and constraints in a DNA based cladogram using neighbour-joining approach, and suggest the relationship of S, M, and D species should be examined, and how are they related?","","","","","","","","","",""
"bloomshift_final_test_0112","test","Construct a DNA based cladogram using neighbour-joining approach, and suggest the relationship of S, M, and D species.","Create","Apply","How would you apply the stated requirements to the design of a DNA based cladogram using neighbour-joining approach, and suggest the relationship of S, M, and D species?","","","","","","","","","",""
"bloomshift_final_test_0113","test","Construct a DNA based cladogram using neighbour-joining approach, and suggest the relationship of S, M, and D species.","Create","Evaluate","Assess whether a DNA based cladogram using neighbour-joining approach, and suggest the relationship of S, M, and D species meets its stated requirements and relevant criteria.","","","","","","","","","",""
"bloomshift_final_test_0114","test","Compare the formation process between igneous rock and sedimentary rocks.","Understand","Analyze","Which dimensions of the formation process between igneous rock and sedimentary rocks should be examined, and how are they related?","","","","","","","","","",""
